Cust ID,Order #,Order Date,Total $,SKU Category,Qty
C0181,ORD100712,04/27/2024,580.03,Beauty,2
C0029,ORD100448,Jun 01 2024,345.24,Electronics,5
C0065,ORD100739,Jan 05 2024,390.70,Footwear,6
C0154,ORD100476,05/14/2024,359.46,Sports,1
C0160,ORD100941,10-06-2024,168.21,,3
C0114,ORD100896,2024-03-17,$499.46,Sports,6
C0055,ORD100887,2024-02-19,$95.46,Accessories,6
C0104,ORD100316,01/15/2024,65.17,,2
C0013,ORD100809,2024-05-24,$205.89,Sports,6
C0058,ORD100505,2024-02-20,450.58,Apparel,3
C0080,ORD100200,06/18/2024,$448.03,Home,5
C0124,ORD100147,05/29/2024,$684.47,Electronics,2
C0173,ORD100703,May 29 2024,254.65,Sports,6
C0145,ORD100317,13-05-2024,169.23,Beauty,4
C0136,ORD100134,Feb 02 2024,$488.58,Footwear,4
C0053,ORD100921,May 27 2024,369.49,Electronics,4
C0130,ORD100249,12-03-2024,$211.23,Electronics,6
C0047,ORD100979,2024-06-27,199.16,Beauty,2
C0103,ORD100587,02/20/2024,589.59,Beauty,3
C0190,ORD100164,06/30/2024,72.96,Sports,2
C0160,ORD100261,24-03-2024,477.24,Beauty,6
C0033,ORD100269,22-04-2024,$396.66,,5
C0100,ORD100958,01/10/2024,612.94,Accessories,4
C0100,ORD100396,19-01-2024,567.31,Beauty,2
C0171,ORD100050,2024-03-24,588.68,Accessories,4
C0192,ORD100916,Apr 06 2024,$259.56,Accessories,5
C0112,ORD100279,03/14/2024,$309.63,,2
C0154,ORD100131,Feb 28 2024,$722.70,Electronics,6
C0044,ORD100275,01/02/2024,644.72,Apparel,3
C0110,ORD100298,02/26/2024,$111.06,Accessories,2
C0116,ORD100161,May 29 2024,618.42,Beauty,2
C0118,ORD100280,07-03-2024,-$575.18,Electronics,6
C0051,ORD100172,27-02-2024,246.23,Beauty,4
C0102,ORD100387,2024-06-16,$609.82,,3
C0070,ORD100854,2024-06-18,$548.20,Apparel,5
C0172,ORD100007,04/17/2024,389.90,Apparel,4
C0091,ORD100532,20-05-2024,$139.72,Beauty,6
C0086,ORD100801,01/04/2024,-$250.61,Apparel,6
C0029,ORD100756,2024-01-23,$108.51,,1
C0196,ORD100918,Jun 09 2024,118.56,Footwear,4
C0012,ORD100948,Jan 07 2024,30.15,Beauty,6
C0032,ORD100702,May 30 2024,237.31,Accessories,2
C0096,ORD100456,2024-03-19,,Electronics,4
C0198,ORD100936,2024-02-23,579.61,Home,2
C0053,ORD100095,2024-01-13,,,5
C0052,ORD100272,2024-05-16,-$122.54,Beauty,6
C0192,ORD100547,08-04-2024,631.84,Beauty,4
C0010,ORD100043,Mar 03 2024,,Electronics,5
C0198,ORD100697,2024-01-18,594.27,Beauty,6
C0186,ORD100167,Jun 18 2024,722.06,Accessories,6
C0080,ORD100196,05/23/2024,,Sports,4
C0032,ORD100794,2024-04-19,309.57,Sports,4
C0181,ORD100498,2024-02-13,$264.50,Footwear,1
C0121,ORD100462,10-04-2024,647.06,Sports,3
C0141,ORD100267,21-02-2024,$574.14,,2
C0091,ORD100859,2024-03-11,$624.43,Home,4
C0100,ORD100886,15-04-2024,$390.27,Footwear,5
C0183,ORD100650,Mar 01 2024,136.00,Beauty,2
C0130,ORD100991,2024-06-29,$510.76,Sports,3
C0062,ORD100517,Feb 27 2024,355.07,Apparel,3
C0119,ORD100676,02/18/2024,261.77,Home,2
C0010,ORD100713,Jun 20 2024,644.67,Accessories,4
C0180,ORD100902,03-06-2024,$19.70,,5
C0155,ORD100764,Jan 28 2024,$612.26,,4
C0004,ORD100399,06-05-2024,68.04,Home,1
C0135,ORD100085,05/07/2024,246.75,Sports,6
C0059,ORD100138,27-01-2024,44.93,Electronics,2
C0043,ORD100646,Feb 17 2024,662.83,Sports,5
C0020,ORD100393,18-02-2024,$24.73,,5
C0045,ORD100114,2024-01-25,460.45,Sports,2
C0121,ORD100706,01/08/2024,194.12,Apparel,5
C0142,ORD100487,2024-01-03,57.21,Beauty,5
C0196,ORD100877,2024-01-09,662.72,Electronics,1
C0112,ORD100182,02/13/2024,244.48,Beauty,4
C0155,ORD100103,04/30/2024,181.40,Accessories,2
C0158,ORD100753,19-01-2024,148.31,Electronics,6
C0164,ORD100967,2024-04-16,$200.52,,5
C0055,ORD100985,11-04-2024,448.71,Accessories,1
C0139,ORD100804,Feb 09 2024,657.04,Electronics,3
C0017,ORD100374,04/02/2024,266.81,Footwear,4
C0112,ORD100839,2024-03-18,$216.32,Electronics,4
C0117,ORD100708,2024-04-24,$621.31,Footwear,3
C0160,ORD100156,2024-06-26,310.04,Apparel,2
C0200,ORD100874,05/01/2024,614.72,Beauty,3
C0097,ORD100266,2024-01-19,154.88,Sports,1
C0139,ORD100553,01/01/2024,505.34,Footwear,2
C0192,ORD100389,2024-05-21,243.11,Accessories,2
C0027,ORD100807,14-03-2024,549.29,,6
C0163,ORD100188,04/08/2024,,Accessories,2
C0013,ORD100469,2024-06-17,229.14,Footwear,2
C0088,ORD100421,Jan 31 2024,$677.58,Accessories,6
C0124,ORD100229,27-02-2024,$262.01,Electronics,2
C0034,ORD100313,2024-05-31,598.85,Home,4
C0018,ORD100825,Feb 24 2024,542.76,Beauty,1
C0090,ORD100784,2024-04-13,40.88,Beauty,6
C0040,ORD100730,2024-01-01,-$459.31,,4
C0020,ORD100808,06/11/2024,21.91,,2
C0166,ORD100709,01/08/2024,,Electronics,3
C0012,ORD100310,2024-03-05,$747.18,Beauty,2
C0077,ORD100348,05/19/2024,18.80,Electronics,2
C0164,ORD100209,Jun 21 2024,$680.76,Electronics,6
C0088,ORD100005,13-05-2024,167.04,Electronics,1
C0133,ORD100914,2024-02-28,$596.19,Apparel,4
C0031,ORD100351,06/18/2024,333.59,Sports,2
C0156,ORD100429,22-03-2024,$524.68,Footwear,4
C0030,ORD100711,11-03-2024,$697.06,Beauty,2
C0134,ORD100041,18-01-2024,$313.71,Sports,6
C0029,ORD100246,Apr 10 2024,$465.21,Footwear,1
C0132,ORD100252,12-02-2024,$479.37,Electronics,6
C0113,ORD100754,Apr 26 2024,$63.51,Apparel,6
C0002,ORD100840,2024-01-25,$212.18,Beauty,2
C0171,ORD100184,2024-05-27,$157.15,Footwear,5
C0089,ORD100613,Mar 10 2024,478.52,Footwear,3
C0051,ORD100571,15-06-2024,743.32,,4
C0175,ORD100363,2024-02-22,480.22,Electronics,3
C0124,ORD100643,24-02-2024,609.02,Home,6
C0161,ORD100879,2024-04-14,657.32,,4
C0162,ORD100343,2024-01-28,737.92,Home,4
C0012,ORD100204,02/02/2024,$209.93,Home,5
C0055,ORD100235,2024-05-17,$229.73,Sports,3
C0058,ORD100344,25-02-2024,$86.77,Sports,2
C0118,ORD100353,05-01-2024,340.73,Sports,1
C0170,ORD100035,May 07 2024,365.83,Accessories,3
C0053,ORD100260,05-03-2024,$76.08,Footwear,4
C0100,ORD100018,05/17/2024,122.41,Home,4
C0145,ORD100822,01/30/2024,$653.81,Footwear,2
C0164,ORD100746,Jan 02 2024,547.25,Electronics,6
C0032,ORD100048,04/27/2024,420.57,Electronics,3
C0080,ORD100845,14-06-2024,$744.30,,3
C0190,ORD100171,05/23/2024,664.73,Home,2
C0057,ORD100710,12-06-2024,393.06,Accessories,2
C0158,ORD100320,May 06 2024,$591.15,Footwear,1
C0118,ORD100585,Mar 03 2024,708.37,Home,1
C0016,ORD100226,2024-04-07,$357.82,Electronics,6
C0160,ORD100145,04/10/2024,496.96,Home,6
C0083,ORD100102,Jan 09 2024,$605.84,Accessories,3
C0009,ORD100052,Jan 26 2024,$176.02,Sports,1
C0111,ORD100565,01/19/2024,$135.02,Sports,2
C0006,ORD100004,15-03-2024,$436.45,Footwear,3
C0038,ORD100376,2024-02-23,384.91,Sports,1
C0047,ORD100597,Feb 03 2024,709.55,Electronics,2
C0197,ORD100527,Mar 14 2024,$536.43,Electronics,6
C0123,ORD100830,29-06-2024,52.47,Home,6
C0087,ORD100491,20-05-2024,639.34,Beauty,4
C0149,ORD100327,2024-02-05,-$122.25,Beauty,4
C0157,ORD100662,04-04-2024,$564.25,Apparel,2
C0112,ORD100999,25-04-2024,$96.99,Footwear,5
C0096,ORD100239,04/01/2024,$324.46,Apparel,1
C0045,ORD100274,2024-01-20,-$186.52,Electronics,6
C0103,ORD100775,06/21/2024,729.63,Home,6
C0131,ORD100318,Mar 17 2024,28.49,Accessories,1
C0119,ORD100273,2024-06-10,353.64,Electronics,4
C0001,ORD100057,06/03/2024,688.38,Accessories,4
C0128,ORD100373,Jan 26 2024,$601.40,Accessories,2
C0092,ORD100431,2024-06-24,154.33,Sports,4
C0114,ORD100345,Jun 13 2024,135.70,Apparel,4
C0173,ORD100055,01/03/2024,$255.63,Beauty,1
C0059,ORD100599,2024-05-21,$663.23,Sports,1
C0179,ORD100028,2024-05-29,$523.08,Electronics,6
C0102,ORD100477,19-05-2024,644.67,,6
C0074,ORD100444,May 25 2024,$115.81,Accessories,2
C0105,ORD100375,2024-03-21,171.12,Electronics,3
C0109,ORD100648,2024-05-19,$302.44,Sports,3
C0031,ORD100871,2024-02-26,$135.32,Home,3
C0107,ORD100920,29-04-2024,252.09,Beauty,1
C0185,ORD100992,Jun 12 2024,486.86,Home,6
C0113,ORD100054,Feb 22 2024,$187.82,Accessories,1
C0059,ORD100117,17-03-2024,386.74,Beauty,2
C0109,ORD100072,Jan 17 2024,140.06,Apparel,4
C0068,ORD100626,2024-04-23,501.68,Accessories,5
C0190,ORD100314,22-02-2024,403.96,Accessories,5
C0156,ORD100270,05/11/2024,373.70,Sports,1
C0052,ORD100272,2024-05-16,-$122.54,Beauty,6
C0097,ORD100031,2024-04-04,692.44,Electronics,1
C0120,ORD100786,2024-06-10,359.38,Electronics,5
C0166,ORD100803,Jun 10 2024,-$518.06,Home,5
C0095,ORD100036,2024-02-26,355.60,Home,6
C0022,ORD100162,03/09/2024,,Home,3
C0009,ORD100326,2024-01-10,628.72,Electronics,1
C0189,ORD100776,2024-05-07,$204.81,Footwear,1
C0144,ORD100943,2024-01-29,429.25,Beauty,1
C0055,ORD100821,2024-04-17,$18.95,Apparel,3
C0151,ORD100395,2024-04-28,714.20,Electronics,6
C0093,ORD100372,2024-02-06,$261.60,,3
C0010,ORD100554,2024-06-26,$424.97,Electronics,5
C0144,ORD100937,05/10/2024,520.95,Footwear,4
C0014,ORD100100,01/25/2024,$710.82,Electronics,3
C0093,ORD100729,2024-05-27,719.49,Home,3
C0188,ORD100210,Jun 18 2024,362.28,Beauty,3
C0076,ORD100369,04/29/2024,-$224.55,Footwear,2
C0190,ORD100773,02/17/2024,501.63,Accessories,6
C0064,ORD100771,14-04-2024,607.18,Beauty,3
C0139,ORD100203,2024-02-25,406.46,,5
C0018,ORD100691,Mar 05 2024,393.66,Electronics,2
C0103,ORD100787,04/27/2024,,Footwear,5
C0147,ORD100847,May 28 2024,225.37,Footwear,2
C0061,ORD100694,Mar 20 2024,$695.94,Apparel,4
C0039,ORD100951,10-03-2024,139.68,,6
C0038,ORD100185,Feb 01 2024,145.88,Footwear,1
C0023,ORD100367,19-02-2024,$419.80,,6
C0173,ORD100667,01/31/2024,277.68,Apparel,6
C0168,ORD100406,05/06/2024,511.77,Electronics,5
C0170,ORD100078,05/29/2024,$283.12,Home,4
C0183,ORD100524,Apr 30 2024,673.40,Electronics,6
C0200,ORD100479,2024-06-23,536.32,Sports,2
C0095,ORD100868,Jan 07 2024,653.07,Footwear,4
C0067,ORD100195,04/15/2024,569.49,Apparel,1
C0048,ORD100079,2024-05-16,743.63,Accessories,5
C0081,ORD100177,24-06-2024,232.31,Footwear,5
C0135,ORD100384,Feb 27 2024,522.15,Sports,6
C0178,ORD100872,2024-04-29,$547.19,Sports,6
C0155,ORD100972,01/28/2024,$190.06,,3
C0174,ORD100221,30-06-2024,$617.53,Footwear,2
C0166,ORD100291,Jan 04 2024,$633.09,Footwear,2
C0066,ORD100674,Mar 10 2024,$340.10,Footwear,6
C0177,ORD100802,04/01/2024,730.28,Beauty,1
C0071,ORD100637,2024-03-01,94.77,,1
C0068,ORD100954,May 10 2024,$24.44,Electronics,1
C0173,ORD100726,01/01/2024,334.46,Electronics,5
C0023,ORD100091,24-03-2024,-$355.92,Electronics,3
C0032,ORD100170,02-02-2024,506.71,Home,5
C0168,ORD100598,23-05-2024,495.67,Apparel,3
C0018,ORD100090,19-04-2024,306.29,Sports,6
C0173,ORD100075,Jan 10 2024,643.65,Footwear,4
C0155,ORD100336,Mar 01 2024,568.72,,5
C0165,ORD100989,01/13/2024,659.10,Apparel,3
C0034,ORD100492,2024-03-31,$436.90,Accessories,6
C0194,ORD100913,2024-05-13,19.70,Home,6
C0038,ORD100788,Jan 22 2024,$441.26,Home,4
C0016,ORD100378,27-06-2024,$48.04,Home,3
C0179,ORD100097,16-04-2024,100.97,Sports,1
C0083,ORD100917,May 29 2024,393.20,Electronics,5
C0171,ORD100561,16-06-2024,$415.91,Accessories,6
C0025,ORD100901,06/12/2024,$197.94,Beauty,1
C0158,ORD100747,27-05-2024,89.57,Footwear,3
C0006,ORD100447,10-06-2024,476.95,Accessories,2
C0047,ORD100725,2024-01-17,$557.20,Footwear,1
C0155,ORD100523,02/15/2024,478.08,Footwear,2
C0059,ORD100534,31-03-2024,531.40,Electronics,3
C0151,ORD100911,Jun 29 2024,$680.45,Electronics,3
C0085,ORD100894,2024-05-27,$386.01,Apparel,5
C0192,ORD100151,2024-02-18,61.93,Beauty,6
C0198,ORD100795,2024-06-10,534.88,Apparel,6
C0026,ORD100641,2024-01-15,570.92,,6
C0092,ORD100335,04/15/2024,211.80,Home,1
C0176,ORD100013,10-03-2024,481.19,Apparel,5
C0037,ORD100912,02/26/2024,-$483.43,Footwear,4
C0139,ORD100381,19-03-2024,$67.92,Home,3
C0026,ORD100449,23-04-2024,92.36,Accessories,1
C0056,ORD100074,23-01-2024,46.41,Footwear,2
C0139,ORD100827,06/10/2024,$201.85,,6
C0147,ORD100482,28-05-2024,652.09,Beauty,1
C0101,ORD100522,2024-02-13,$66.45,Home,5
C0149,ORD100236,2024-06-21,85.97,Footwear,2
C0195,ORD100059,01/01/2024,73.72,Electronics,4
C0044,ORD100201,13-05-2024,-$748.32,Home,3
C0035,ORD100655,2024-06-01,$399.88,Home,5
C0027,ORD100408,Jan 25 2024,410.36,Sports,5
C0190,ORD100728,May 26 2024,171.74,Footwear,4
C0136,ORD100607,Jan 08 2024,189.26,Accessories,2
C0074,ORD100011,May 06 2024,414.97,,4
C0107,ORD100863,Jan 29 2024,$329.14,Accessories,2
C0184,ORD100485,02/15/2024,52.08,Accessories,4
C0126,ORD100227,2024-05-24,422.50,Sports,6
C0182,ORD100299,02-06-2024,550.40,Footwear,6
C0138,ORD100483,2024-06-01,-$336.88,Footwear,1
C0066,ORD100388,May 04 2024,,Footwear,5
C0023,ORD100511,Jun 08 2024,599.98,Footwear,6
C0024,ORD100543,2024-02-12,110.48,Apparel,1
C0173,ORD100525,21-03-2024,$101.48,Sports,1
C0112,ORD100733,Jun 07 2024,254.29,Apparel,5
C0053,ORD100757,06/26/2024,450.93,Apparel,5
C0093,ORD100590,06-01-2024,$535.68,Sports,1
C0132,ORD100978,09-02-2024,51.03,Footwear,3
C0147,ORD100828,01/18/2024,322.11,Footwear,4
C0119,ORD100303,Jan 25 2024,,Home,5
C0163,ORD100294,2024-01-27,250.94,,3
C0153,ORD100285,2024-03-01,441.17,Beauty,6
C0170,ORD100818,Mar 19 2024,464.15,Sports,1
C0122,ORD100605,06/21/2024,369.16,Footwear,5
C0130,ORD100425,2024-05-29,329.83,,5
C0031,ORD100973,2024-04-06,248.64,Footwear,3
C0145,ORD100107,May 24 2024,186.36,Sports,5
C0069,ORD100721,11-04-2024,69.43,,1
C0082,ORD100816,13-04-2024,,,6
C0156,ORD100584,2024-06-01,271.77,Electronics,3
C0019,ORD100682,02-03-2024,42.44,,1
C0159,ORD100352,2024-01-08,$743.31,Home,1
C0026,ORD100415,02/13/2024,189.87,,2
C0192,ORD100458,2024-03-27,614.53,Beauty,2
C0075,ORD100308,Jan 08 2024,210.15,,4
C0006,ORD100346,May 22 2024,609.26,Home,1
C0109,ORD100923,2024-02-28,283.13,Beauty,1
C0142,ORD100882,04/25/2024,231.57,,5
C0075,ORD100688,2024-02-09,416.48,Sports,1
C0044,ORD100368,14-03-2024,686.21,Footwear,4
C0056,ORD100977,Jan 19 2024,$277.16,Beauty,5
C0020,ORD100966,Jun 07 2024,634.62,Apparel,3
C0004,ORD100338,03/01/2024,347.48,Sports,4
C0020,ORD100652,02/27/2024,172.34,Accessories,2
C0033,ORD100237,2024-04-07,$682.51,Home,1
C0093,ORD100453,Feb 16 2024,$356.73,Beauty,5
C0039,ORD100512,2024-05-23,,Beauty,4
C0031,ORD100866,05/24/2024,487.92,Accessories,2
C0056,ORD100934,27-01-2024,$42.44,Beauty,5
C0162,ORD100907,Apr 29 2024,$610.52,Electronics,4
C0164,ORD100880,2024-05-20,602.93,,4
C0137,ORD100994,17-06-2024,$665.07,Footwear,4
C0109,ORD100240,2024-03-16,$162.66,Electronics,3
C0034,ORD100492,2024-03-31,$436.90,Accessories,6
C0192,ORD100778,11-04-2024,334.83,Sports,1
C0175,ORD100925,03/15/2024,-$475.79,Sports,5
C0176,ORD100600,07-04-2024,258.80,,3
C0101,ORD100178,04-04-2024,-$582.63,Beauty,3
C0101,ORD100522,2024-02-13,$66.45,Home,5
C0190,ORD100243,2024-04-05,-$143.47,Footwear,1
C0192,ORD100328,02/27/2024,337.29,,4
C0100,ORD100202,2024-01-08,$412.21,Home,1
C0146,ORD100300,2024-03-27,330.49,Footwear,2
C0129,ORD100831,2024-02-04,244.92,,1
C0052,ORD100230,Jan 20 2024,$535.01,Sports,6
C0034,ORD100306,05/29/2024,187.75,Apparel,6
C0019,ORD100166,2024-01-15,$89.11,Footwear,5
C0189,ORD100793,Jun 03 2024,610.92,Footwear,6
C0054,ORD100696,2024-03-21,158.84,Sports,2
C0190,ORD100263,02/28/2024,504.09,Home,3
C0075,ORD100938,25-04-2024,$199.67,Sports,6
C0079,ORD100232,24-01-2024,$394.68,Home,6
C0059,ORD100150,Feb 13 2024,$207.64,Sports,4
C0038,ORD100832,Apr 27 2024,$654.49,,4
C0001,ORD100132,16-06-2024,-$262.53,Footwear,3
C0117,ORD100009,04/09/2024,26.99,Electronics,1
C0083,ORD100254,05/19/2024,398.85,Beauty,5
C0139,ORD100891,01-03-2024,65.63,Beauty,2
C0186,ORD100397,19-03-2024,560.65,Electronics,5
C0110,ORD100666,06-06-2024,403.42,,5
C0044,ORD100082,01/11/2024,53.50,Electronics,4
C0093,ORD100064,01/15/2024,$280.45,Home,5
C0167,ORD100798,06/25/2024,$292.97,Home,6
C0025,ORD100705,17-01-2024,$245.35,Footwear,4
C0012,ORD100437,02/29/2024,$656.63,Electronics,5
C0150,ORD100541,05/12/2024,$573.82,Apparel,3
C0188,ORD100470,Apr 04 2024,337.08,Apparel,1
C0046,ORD100119,2024-06-28,381.65,Sports,2
C0078,ORD100426,05/15/2024,542.18,Sports,1
C0089,ORD100528,Apr 27 2024,$293.13,,2
C0175,ORD100987,16-02-2024,552.33,,1
C0120,ORD100531,May 17 2024,$643.46,Beauty,2
C0089,ORD100110,Jun 28 2024,$117.70,Accessories,4
C0021,ORD100684,Jan 30 2024,511.77,Electronics,1
C0097,ORD100774,2024-06-13,587.34,Apparel,3
C0183,ORD100457,05/28/2024,255.76,,4
C0187,ORD100656,May 24 2024,258.33,Electronics,3
C0065,ORD100121,05/23/2024,210.52,Beauty,1
C0032,ORD100654,2024-01-29,519.91,Beauty,4
C0077,ORD100678,Apr 19 2024,,Electronics,4
C0107,ORD100499,02/29/2024,,Footwear,3
C0135,ORD100463,03/23/2024,227.33,Footwear,2
C0014,ORD100620,2024-06-10,52.07,Apparel,6
C0053,ORD100690,2024-06-07,423.88,Sports,4
C0072,ORD100834,Feb 08 2024,54.33,Apparel,3
C0171,ORD100876,20-03-2024,231.39,Apparel,4
C0164,ORD100956,May 29 2024,$277.93,Electronics,1
C0128,ORD100040,Apr 29 2024,222.60,Home,2
C0177,ORD100748,2024-02-14,576.97,Sports,2
C0020,ORD100727,03/23/2024,$183.45,,1
C0041,ORD100217,2024-02-15,489.23,Accessories,1
C0131,ORD100307,06/15/2024,52.18,Apparel,5
C0177,ORD100536,May 02 2024,717.39,Footwear,6
C0113,ORD100959,04/29/2024,-$187.80,Home,3
C0086,ORD100157,Jun 14 2024,662.14,Beauty,4
C0098,ORD100250,01/05/2024,$282.19,Electronics,2
C0068,ORD100124,Mar 26 2024,339.17,Home,1
C0130,ORD100735,31-01-2024,531.96,Home,5
C0055,ORD100329,Jan 17 2024,310.00,Accessories,6
C0156,ORD100349,02/23/2024,$320.29,Apparel,6
C0170,ORD100521,10-06-2024,$282.28,,3
C0066,ORD100379,May 29 2024,$730.50,,2
C0024,ORD100169,2024-03-11,207.45,,3
C0164,ORD100542,11-01-2024,418.01,Electronics,4
C0041,ORD100417,2024-06-19,433.26,Electronics,3
C0128,ORD100929,25-03-2024,669.81,,1
C0117,ORD100034,05/08/2024,262.83,Footwear,4
C0118,ORD100986,22-02-2024,89.87,Beauty,5
C0124,ORD100309,2024-02-24,37.94,Sports,1
C0060,ORD100777,Jan 23 2024,$406.63,,1
C0093,ORD100163,Jan 30 2024,,Apparel,6
C0140,ORD100370,Jan 18 2024,$567.67,Electronics,4
C0043,ORD100159,07-05-2024,441.95,Apparel,4
C0171,ORD100287,2024-03-06,$542.82,Footwear,4
C0058,ORD100183,2024-01-01,282.74,Sports,6
C0003,ORD100619,Jan 13 2024,480.31,Accessories,3
C0115,ORD100478,2024-06-04,403.00,Footwear,6
C0040,ORD100580,03/19/2024,565.84,Beauty,4
C0110,ORD100021,Jan 08 2024,398.37,Accessories,3
C0043,ORD100752,03/12/2024,$474.19,,3
C0112,ORD100687,04/30/2024,461.06,Footwear,2
C0088,ORD100283,08-03-2024,$219.67,Electronics,4
C0175,ORD100820,06-05-2024,230.07,Accessories,6
C0186,ORD100990,2024-03-15,151.17,Electronics,2
C0130,ORD100738,12-03-2024,$435.82,,2
C0087,ORD100963,04/27/2024,$620.33,Apparel,4
C0028,ORD100160,2024-04-28,$500.18,Apparel,2
C0196,ORD100446,Jan 26 2024,562.58,Accessories,3
C0142,ORD100120,Jun 12 2024,$597.79,Apparel,3
C0146,ORD100953,Mar 17 2024,525.86,Footwear,1
C0116,ORD100127,24-04-2024,125.68,Electronics,2
C0029,ORD100769,2024-05-08,302.25,Sports,5
C0047,ORD100770,06-06-2024,496.93,Apparel,2
C0195,ORD100080,2024-06-01,348.72,,1
C0114,ORD100392,2024-01-20,$348.64,Beauty,5
C0038,ORD100791,31-05-2024,665.72,,3
C0086,ORD100805,01/16/2024,$698.74,Home,6
C0101,ORD100461,Feb 21 2024,290.36,Electronics,5
C0042,ORD100855,05/13/2024,$54.39,Electronics,1
C0118,ORD100148,2024-05-07,489.66,Footwear,6
C0077,ORD100192,07-05-2024,41.12,,4
C0129,ORD100022,01/27/2024,180.30,Home,5
C0108,ORD100181,Apr 24 2024,20.72,Beauty,4
C0125,ORD100922,Mar 17 2024,262.23,Beauty,1
C0123,ORD100175,Apr 19 2024,$725.67,Apparel,3
C0030,ORD100814,06/02/2024,648.93,Apparel,1
C0170,ORD100122,24-01-2024,$392.01,,3
C0035,ORD100875,06/14/2024,67.30,Home,1
C0169,ORD100970,12-01-2024,661.65,Beauty,3
C0132,ORD100978,09-02-2024,51.03,Footwear,3
C0126,ORD100529,29-06-2024,$443.34,Apparel,5
C0108,ORD100416,2024-03-19,$204.35,,5
C0183,ORD100881,2024-05-05,$377.70,Electronics,2
C0015,ORD100212,2024-05-30,674.41,Home,4
C0061,ORD100066,2024-01-02,631.52,,4
C0183,ORD100594,03-02-2024,$332.14,Beauty,5
C0150,ORD100284,2024-06-13,210.99,Beauty,5
C0128,ORD100190,17-05-2024,543.77,Beauty,5
C0130,ORD100084,2024-06-22,$576.20,Beauty,6
C0136,ORD100242,03/06/2024,$202.01,Beauty,1
C0094,ORD100668,03/15/2024,297.52,Electronics,1
C0071,ORD100560,2024-06-22,267.31,Sports,6
C0195,ORD100155,04/21/2024,586.34,,1
C0032,ORD100331,06/04/2024,$669.51,Accessories,4
C0027,ORD100903,03/23/2024,412.91,Apparel,3
C0080,ORD100672,2024-05-21,$705.87,Sports,2
C0085,ORD100356,2024-02-05,$67.79,Footwear,5
C0061,ORD100857,Mar 17 2024,32.16,Beauty,2
C0035,ORD100621,2024-03-04,40.51,Apparel,4
C0090,ORD100101,01/17/2024,,Sports,5
C0185,ORD100228,06-04-2024,$399.52,Electronics,5
C0100,ORD100282,Jan 12 2024,407.49,Beauty,4
C0095,ORD100556,2024-02-19,433.22,,3
C0157,ORD100767,15-05-2024,76.87,Footwear,2
C0047,ORD100979,2024-06-27,199.16,Beauty,2
C0128,ORD100276,2024-01-24,173.13,Sports,4
C0093,ORD100558,2024-05-18,609.40,,1
C0004,ORD100094,Mar 30 2024,$212.84,Apparel,3
C0046,ORD100430,18-03-2024,301.42,,1
C0089,ORD100616,May 05 2024,18.76,Sports,4
C0059,ORD100278,2024-03-13,118.07,Sports,2
C0169,ORD100586,17-04-2024,49.80,Apparel,2
C0098,ORD100624,03/31/2024,$530.42,Accessories,6
C0130,ORD100245,2024-01-11,457.59,Accessories,6
C0109,ORD100332,2024-05-11,$44.03,,4
C0193,ORD100699,Mar 21 2024,404.66,Electronics,2
C0010,ORD100581,18-01-2024,$643.69,Beauty,3
C0163,ORD100664,23-06-2024,-$733.35,Beauty,6
C0088,ORD100968,Jun 15 2024,$242.31,Home,5
C0178,ORD100289,Feb 06 2024,201.89,Electronics,2
C0125,ORD100719,2024-03-24,231.88,Electronics,5
C0077,ORD100142,12-03-2024,225.90,Electronics,2
C0111,ORD100632,Mar 06 2024,743.91,Accessories,3
C0006,ORD100518,07-03-2024,$32.46,Beauty,1
C0106,ORD100698,2024-06-13,654.98,Electronics,4
C0050,ORD100701,2024-02-01,465.15,Beauty,6
C0114,ORD100292,01/20/2024,111.55,Electronics,4
C0054,ORD100452,2024-04-02,$94.85,Footwear,4
C0029,ORD100045,03/13/2024,170.83,Accessories,4
C0132,ORD100944,Feb 18 2024,515.96,Sports,3
C0174,ORD100933,03/12/2024,243.84,Home,1
C0097,ORD100715,Apr 29 2024,$590.79,Home,5
C0042,ORD100736,May 26 2024,440.63,Home,6
C0059,ORD100856,Jan 24 2024,238.00,Accessories,1
C0150,ORD100724,2024-05-04,,Beauty,5
C0196,ORD100848,Jun 06 2024,226.09,Footwear,4
C0012,ORD100734,04/30/2024,$580.55,Electronics,3
C0188,ORD100026,2024-04-11,203.79,Electronics,4
C0117,ORD100362,01/26/2024,526.71,Footwear,1
C0110,ORD100268,03-04-2024,366.45,Home,2
C0048,ORD100063,Jan 26 2024,749.94,Apparel,1
C0050,ORD100927,Jun 09 2024,253.00,Footwear,1
C0096,ORD100566,12-06-2024,222.62,Accessories,1
C0053,ORD100993,2024-02-23,$134.10,Sports,5
C0166,ORD100033,04/24/2024,633.02,Beauty,6
C0133,ORD100980,2024-06-01,44.73,Sports,6
C0133,ORD100853,Jan 24 2024,$112.57,Accessories,6
C0115,ORD100852,23-06-2024,568.31,Beauty,4
C0136,ORD100118,Feb 13 2024,381.48,Home,6
C0140,ORD100015,26-06-2024,$36.42,,1
C0084,ORD100578,01/01/2024,510.41,Accessories,6
C0112,ORD100042,05/12/2024,128.08,Beauty,2
C0061,ORD100670,Jun 05 2024,$662.87,Home,1
C0085,ORD100669,26-04-2024,,Beauty,4
C0142,ORD100427,03/22/2024,484.22,,2
C0141,ORD100174,2024-05-31,548.21,Accessories,2
C0104,ORD100760,05/03/2024,$76.58,Beauty,3
C0032,ORD100659,01/19/2024,304.60,Beauty,2
C0016,ORD100950,01/12/2024,$618.66,Apparel,5
C0130,ORD100603,20-05-2024,701.45,Footwear,3
C0068,ORD100455,06/30/2024,439.42,Footwear,3
C0103,ORD100751,Jan 07 2024,371.53,Home,5
C0048,ORD100093,02-02-2024,163.71,Sports,6
C0056,ORD100500,Jun 17 2024,511.05,Sports,3
C0047,ORD100657,28-01-2024,314.34,Accessories,4
C0173,ORD100548,04/15/2024,43.98,,3
C0149,ORD100311,2024-02-09,$384.96,Home,3
C0040,ORD100567,2024-01-24,705.51,Sports,1
C0078,ORD100800,24-06-2024,583.34,,3
C0144,ORD100153,01/17/2024,$491.68,Accessories,5
C0158,ORD100116,05/04/2024,333.41,Accessories,2
C0034,ORD100468,2024-05-27,73.71,Apparel,2
C0020,ORD100443,Jan 16 2024,682.71,,6
C0124,ORD100610,Jun 10 2024,148.62,Beauty,3
C0056,ORD100969,2024-03-20,590.78,Home,1
C0063,ORD100023,02/22/2024,209.44,Apparel,2
C0098,ORD100030,16-01-2024,$290.87,Accessories,5
C0066,ORD100388,May 04 2024,,Footwear,5
C0014,ORD100000,2024-03-09,$580.18,Footwear,4
C0139,ORD100435,14-03-2024,605.56,Electronics,6
C0176,ORD100538,2024-06-04,163.03,Accessories,5
C0077,ORD100568,2024-02-29,399.96,Apparel,3
C0061,ORD100115,06/21/2024,140.56,Sports,1
C0152,ORD100508,04/16/2024,269.87,Footwear,6
C0098,ORD100032,14-01-2024,$234.41,Electronics,2
C0189,ORD100952,2024-05-21,569.65,Beauty,2
C0159,ORD100693,03/20/2024,338.44,Home,5
C0073,ORD100038,13-02-2024,277.85,,6
C0130,ORD100024,2024-02-21,157.71,Electronics,1
C0064,ORD100685,2024-02-09,262.64,,5
C0014,ORD100199,2024-06-28,681.64,Apparel,2
C0047,ORD100205,May 22 2024,672.38,,4
C0166,ORD100810,2024-05-16,$16.51,Home,3
C0087,ORD100545,Feb 10 2024,$63.67,Beauty,5
C0043,ORD100945,03/03/2024,421.87,Electronics,3
C0195,ORD100258,Mar 31 2024,-$653.27,Footwear,6
C0200,ORD100797,2024-03-31,131.69,Accessories,3
C0154,ORD100264,06/27/2024,181.09,Apparel,3
C0070,ORD100888,05/06/2024,559.45,,4
C0157,ORD100546,10-03-2024,$371.55,Sports,3
C0156,ORD100295,2024-01-04,472.98,Sports,6
C0121,ORD100623,05/25/2024,$39.02,Beauty,2
C0039,ORD100692,06/28/2024,731.09,Accessories,6
C0119,ORD100105,05/03/2024,$364.88,Home,4
C0171,ORD100071,02/07/2024,224.39,,1
C0085,ORD100234,May 12 2024,$463.04,,3
C0030,ORD100347,02/02/2024,506.95,Home,5
C0119,ORD100700,03-05-2024,642.75,Electronics,6
C0142,ORD100402,Jun 15 2024,671.47,Footwear,1
C0189,ORD100851,05/01/2024,596.51,Electronics,6
C0096,ORD100520,02/09/2024,238.51,Beauty,3
C0056,ORD100509,04/30/2024,$616.88,Beauty,4
C0124,ORD100617,02/22/2024,375.54,Beauty,6
C0093,ORD100049,24-02-2024,703.41,Apparel,5
C0153,ORD100386,02/14/2024,659.52,,1
C0065,ORD100302,03/24/2024,501.38,Footwear,6
C0119,ORD100179,Jun 20 2024,350.90,Accessories,5
C0044,ORD100201,13-05-2024,-$748.32,Home,3
C0008,ORD100905,2024-06-24,687.67,Accessories,6
C0079,ORD100660,Feb 03 2024,$662.21,Apparel,2
C0010,ORD100231,May 02 2024,$344.44,,1
C0099,ORD100450,22-05-2024,669.37,Sports,6
C0050,ORD100928,02/08/2024,744.55,Electronics,3
C0174,ORD100898,2024-05-30,,Beauty,6
C0124,ORD100147,05/29/2024,$684.47,Electronics,2
C0198,ORD100835,01/01/2024,$399.29,Footwear,2
C0078,ORD100614,Feb 14 2024,$126.41,Electronics,1
C0138,ORD100297,2024-03-13,609.45,Electronics,1
C0008,ORD100799,06/17/2024,421.64,,6
C0192,ORD100761,Feb 29 2024,-$686.40,Accessories,3
C0179,ORD100125,06-05-2024,$743.30,Beauty,3
C0178,ORD100749,04/08/2024,133.63,Accessories,2
C0070,ORD100551,04/28/2024,641.03,Accessories,2
C0148,ORD100895,Feb 19 2024,206.25,,3
C0016,ORD100020,04-02-2024,$506.31,,3
C0041,ORD100890,May 29 2024,,Sports,1
C0107,ORD100947,01/11/2024,$606.21,Beauty,6
C0157,ORD100277,Apr 21 2024,$594.72,Beauty,5
C0015,ORD100577,2024-03-11,593.86,,3
C0041,ORD100591,26-05-2024,$363.45,Electronics,6
C0200,ORD100256,06-06-2024,536.22,Apparel,3
C0136,ORD100398,01-05-2024,24.45,Sports,1
C0070,ORD100931,Apr 14 2024,564.01,,1
C0176,ORD100211,05/06/2024,$649.21,,4
C0110,ORD100666,06-06-2024,403.42,,5
C0129,ORD100089,2024-06-20,$360.89,,2
C0002,ORD100404,05/26/2024,162.82,,3
C0121,ORD100191,06/28/2024,661.89,Footwear,2
C0148,ORD100895,Feb 19 2024,206.25,,3
C0120,ORD100683,04/01/2024,$715.71,Accessories,4
C0161,ORD100829,2024-03-08,239.91,Footwear,3
C0080,ORD100474,2024-05-01,143.50,Home,1
C0063,ORD100883,03/04/2024,484.05,Beauty,2
C0154,ORD100919,May 21 2024,744.82,Beauty,3
C0058,ORD100027,May 08 2024,463.17,,3
C0133,ORD100223,01/22/2024,$456.66,,4
C0113,ORD100216,Jun 28 2024,393.63,Beauty,5
C0145,ORD100248,07-04-2024,-$284.48,Footwear,6
C0052,ORD100189,Mar 15 2024,$382.16,Electronics,5
C0115,ORD100677,Feb 21 2024,$567.33,Accessories,1
C0128,ORD100391,2024-04-18,386.83,Beauty,5
C0146,ORD100070,Jan 14 2024,$658.14,Electronics,1
C0197,ORD100663,2024-06-18,637.80,Footwear,1
C0117,ORD100533,08-04-2024,333.15,Home,3
C0099,ORD100997,2024-06-30,460.80,,6
C0002,ORD100704,09-04-2024,$655.96,Beauty,2
C0131,ORD100723,May 25 2024,$639.53,Home,5
C0048,ORD100219,2024-03-23,117.62,Apparel,3
C0035,ORD100233,2024-06-17,564.33,Apparel,3
C0128,ORD100414,19-04-2024,652.36,Accessories,4
C0066,ORD100288,06/10/2024,-$290.61,Home,5
C0024,ORD100849,Feb 13 2024,$403.61,Beauty,5
C0048,ORD100783,04/01/2024,$314.06,Footwear,4
C0064,ORD100366,Jun 19 2024,$314.60,,6
C0030,ORD100514,2024-05-07,197.89,Footwear,1
C0109,ORD100644,2024-01-06,261.75,Accessories,2
C0092,ORD100633,2024-06-13,646.01,Beauty,4
C0166,ORD100844,12-06-2024,737.93,Footwear,3
C0192,ORD100564,2024-05-31,57.30,Electronics,2
C0037,ORD100653,17-04-2024,583.48,Sports,4
C0128,ORD100606,05/01/2024,$434.63,Apparel,4
C0154,ORD100333,22-03-2024,$250.03,Beauty,6
C0048,ORD100716,2024-03-10,$557.73,Apparel,5
C0085,ORD100104,02-03-2024,$425.21,Accessories,2
C0185,ORD100128,Apr 25 2024,614.76,Sports,3
C0047,ORD100785,2024-04-20,$151.58,Home,6
C0055,ORD100563,Feb 04 2024,218.95,Sports,3
C0174,ORD100998,19-05-2024,$199.11,Beauty,3
C0097,ORD100241,Feb 03 2024,$140.47,Sports,4
C0029,ORD100689,27-02-2024,309.65,Home,1
C0102,ORD100006,14-06-2024,518.36,,5
C0004,ORD100671,Feb 09 2024,$49.74,Sports,4
C0165,ORD100403,16-02-2024,171.50,Apparel,3
C0007,ORD100838,06/21/2024,$309.56,Footwear,4
C0187,ORD100549,03/12/2024,396.12,Beauty,5
C0072,ORD100741,22-02-2024,$642.49,Electronics,4
C0083,ORD100962,May 19 2024,620.69,Home,3
C0092,ORD100061,19-04-2024,223.23,Accessories,4
C0092,ORD100526,Jan 19 2024,384.86,Footwear,4
C0183,ORD100445,Jan 10 2024,$548.66,Apparel,1
C0007,ORD100062,2024-03-07,576.81,Beauty,3
C0149,ORD100037,01/04/2024,551.44,Apparel,3
C0122,ORD100642,06/09/2024,25.60,Sports,1
C0168,ORD100850,2024-04-19,130.61,Electronics,5
C0141,ORD100640,Apr 02 2024,$356.11,Footwear,6
C0164,ORD100625,05/12/2024,443.89,Sports,3
C0151,ORD100722,2024-05-31,154.72,Home,6
C0095,ORD100165,26-03-2024,647.25,,1
C0152,ORD100618,2024-04-04,90.04,Apparel,2
C0141,ORD100744,2024-03-14,78.99,Electronics,2
C0017,ORD100908,26-03-2024,$736.17,Apparel,3
C0014,ORD100550,Mar 04 2024,$140.84,Beauty,5
C0024,ORD100796,Jan 17 2024,474.11,Electronics,4
C0054,ORD100400,2024-04-15,51.89,Apparel,5
C0127,ORD100961,Apr 02 2024,$191.93,Home,1
C0195,ORD100602,2024-03-10,20.31,Beauty,4
C0193,ORD100012,2024-04-28,$22.46,Home,3
C0122,ORD100946,Apr 25 2024,536.61,Footwear,4
C0075,ORD100714,04-04-2024,569.25,Footwear,3
C0142,ORD100439,Jan 06 2024,621.66,Accessories,1
C0108,ORD100286,20-01-2024,24.18,Electronics,2
C0158,ORD100144,2024-04-22,538.62,Footwear,6
C0072,ORD100732,05/08/2024,$193.71,Footwear,6
C0163,ORD100593,Apr 18 2024,$389.03,Electronics,2
C0127,ORD100413,01-02-2024,463.62,Home,3
C0100,ORD100792,2024-05-25,224.76,Sports,4
C0031,ORD100743,05/31/2024,$420.34,Sports,1
C0102,ORD100477,19-05-2024,644.67,,6
C0143,ORD100940,03/16/2024,432.70,Beauty,6
C0033,ORD100811,Jun 04 2024,$434.89,Footwear,1
C0088,ORD100025,May 21 2024,698.09,,4
C0018,ORD100589,Feb 19 2024,165.60,,2
C0093,ORD100675,19-06-2024,710.07,Electronics,3
C0096,ORD100081,16-03-2024,289.50,Electronics,2
C0119,ORD100361,17-06-2024,$20.68,Footwear,3
C0035,ORD100133,Mar 10 2024,376.28,Accessories,2
C0138,ORD100001,05/23/2024,265.49,Electronics,5
C0034,ORD100758,2024-01-16,,Sports,6
C0095,ORD100019,02/02/2024,395.07,Sports,4
C0108,ORD100029,03/21/2024,$174.20,Beauty,2
C0051,ORD100334,2024-01-07,$60.59,Sports,4
C0092,ORD100501,Mar 01 2024,266.83,Sports,1
C0022,ORD100983,Jun 19 2024,456.58,,5
C0116,ORD100583,15-06-2024,$179.65,Accessories,6
C0177,ORD100350,01/06/2024,$199.31,Footwear,1
C0170,ORD100083,2024-02-15,733.02,Sports,2
C0076,ORD100495,01/29/2024,85.34,Footwear,1
C0070,ORD100330,2024-03-31,403.21,Home,4
C0015,ORD100053,2024-02-08,354.08,Footwear,3
C0079,ORD100472,03/25/2024,653.95,Accessories,3
C0102,ORD100173,01-03-2024,242.47,Home,6
C0115,ORD100436,2024-01-22,244.22,Sports,4
C0118,ORD100488,20-01-2024,$243.90,Electronics,6
C0030,ORD100570,06/30/2024,$22.80,Apparel,2
C0146,ORD100870,2024-01-20,$207.80,Accessories,5
C0079,ORD100935,30-04-2024,$250.99,Electronics,1
C0099,ORD100910,04-06-2024,253.95,Beauty,5
C0079,ORD100466,2024-04-21,586.89,Accessories,3
C0106,ORD100960,01/29/2024,160.19,Home,3
C0102,ORD100869,01/20/2024,646.14,Home,3
C0024,ORD100423,2024-01-12,633.28,,5
C0115,ORD100852,23-06-2024,568.31,Beauty,4
C0093,ORD100149,10-04-2024,488.39,Beauty,6
C0151,ORD100516,Mar 28 2024,$121.14,Accessories,5
C0063,ORD100218,2024-03-27,409.95,Sports,3
C0071,ORD100981,Apr 25 2024,464.63,,4
C0186,ORD100494,Jan 26 2024,187.65,Home,1
C0066,ORD100639,2024-02-23,622.38,Sports,6
C0056,ORD100464,May 03 2024,$413.50,Home,2
C0064,ORD100143,2024-02-09,713.10,Electronics,1
C0180,ORD100126,03/06/2024,437.01,Electronics,3
C0041,ORD100152,2024-03-04,$649.20,Sports,4
C0003,ORD100238,Jun 24 2024,142.19,Home,6
C0030,ORD100592,26-04-2024,435.66,Electronics,6
C0173,ORD100629,06/01/2024,$731.40,Accessories,4
C0135,ORD100535,Apr 25 2024,299.47,Home,6
C0014,ORD100900,Jun 11 2024,453.94,Electronics,5
C0122,ORD100247,06/12/2024,634.66,Apparel,6
C0133,ORD100573,Jan 15 2024,159.32,,5
C0114,ORD100108,06/22/2024,$461.44,Beauty,6
C0149,ORD100383,05/30/2024,583.75,Apparel,2
C0002,ORD100337,Jan 09 2024,$624.60,Home,1
C0026,ORD100995,Jun 04 2024,704.84,,1
C0100,ORD100604,2024-03-18,44.87,Home,3
C0008,ORD100044,Jan 11 2024,$552.12,Accessories,3
C0177,ORD100601,29-06-2024,$366.46,Footwear,2
C0016,ORD100405,2024-02-23,343.73,Sports,1
C0078,ORD100813,06/17/2024,$682.50,,3
C0082,ORD100506,03/25/2024,718.79,Accessories,2
C0077,ORD100324,Mar 19 2024,306.41,Beauty,3
C0047,ORD100909,06/22/2024,306.14,Beauty,4
C0146,ORD100168,02/11/2024,643.44,,1
C0197,ORD100137,27-04-2024,470.07,,4
C0031,ORD100422,06/23/2024,712.64,,3
C0157,ORD100220,2024-01-17,28.03,Electronics,2
C0154,ORD100679,Feb 09 2024,397.78,Electronics,3
C0109,ORD100225,Mar 30 2024,$294.64,Apparel,6
C0130,ORD100454,2024-05-22,$356.21,Footwear,3
C0103,ORD100519,Mar 31 2024,465.36,Accessories,5
C0109,ORD100864,05/02/2024,721.23,Sports,3
C0103,ORD100627,12-04-2024,382.83,Accessories,5
C0138,ORD100579,06/24/2024,717.19,Accessories,4
C0082,ORD100355,Mar 24 2024,$253.60,Sports,6
C0164,ORD100789,Feb 18 2024,,,3
C0060,ORD100136,04/22/2024,$671.56,Sports,3
C0191,ORD100955,13-06-2024,41.39,Electronics,5
C0158,ORD100975,2024-04-17,514.75,Sports,2
C0139,ORD100772,21-03-2024,410.84,,1
C0138,ORD100932,2024-01-26,241.24,Footwear,2
C0164,ORD100892,14-05-2024,34.91,Electronics,4
C0101,ORD100833,Mar 14 2024,$311.72,Electronics,1
C0102,ORD100926,2024-02-02,249.96,Sports,4
C0183,ORD100293,03-03-2024,747.50,Beauty,3
C0135,ORD100964,2024-05-07,33.60,Home,6
C0066,ORD100930,2024-05-27,732.10,Accessories,3
C0192,ORD100731,03/20/2024,276.48,,4
C0128,ORD100740,04-02-2024,720.43,Accessories,2
C0091,ORD100010,28-02-2024,406.02,Footwear,6
C0118,ORD100982,04/25/2024,404.25,Sports,5
C0138,ORD100540,27-05-2024,$156.64,Beauty,4
C0008,ORD100251,2024-04-14,,,6
C0073,ORD100207,2024-05-13,160.06,Electronics,6
C0020,ORD100393,18-02-2024,$24.73,,5
C0161,ORD100636,24-03-2024,428.60,Home,2
C0044,ORD100069,04/09/2024,62.72,Sports,3
C0015,ORD100673,2024-01-16,282.44,Beauty,6
C0168,ORD100194,Feb 18 2024,47.39,Beauty,2
C0073,ORD100649,Jun 08 2024,636.93,,2
C0178,ORD100572,Jan 29 2024,147.17,Accessories,1
C0129,ORD100779,2024-02-05,558.03,Accessories,5
C0197,ORD100112,19-02-2024,33.93,Accessories,3
C0164,ORD100325,03/17/2024,253.70,Footwear,6
C0153,ORD100612,05/10/2024,-$740.83,Beauty,1
C0020,ORD100312,01/31/2024,348.98,Electronics,2
C0007,ORD100432,May 18 2024,93.69,Sports,4
C0089,ORD100502,05/21/2024,118.38,Home,6
C0088,ORD100341,Jan 27 2024,$585.99,Footwear,3
C0060,ORD100718,02/29/2024,$344.20,Accessories,1
C0087,ORD100611,2024-05-11,400.31,Apparel,1
C0120,ORD100906,2024-01-17,471.23,Footwear,1
C0021,ORD100507,01/15/2024,$673.34,Apparel,6
C0088,ORD100622,05/22/2024,35.86,Apparel,6
C0183,ORD100441,2024-03-04,550.65,Home,5
C0152,ORD100281,03/10/2024,306.69,Beauty,1
C0075,ORD100407,May 30 2024,489.36,Beauty,3
C0178,ORD100187,17-04-2024,84.08,Home,2
C0165,ORD100442,2024-01-22,$455.34,Sports,6
C0126,ORD100634,01/23/2024,130.34,Footwear,4
C0115,ORD100893,19-02-2024,$56.27,Home,1
C0031,ORD100459,2024-01-21,240.86,Sports,1
C0083,ORD100092,02-03-2024,551.18,Beauty,1
C0113,ORD100410,2024-05-15,$695.72,,6
C0006,ORD100651,2024-06-17,489.47,,1
C0064,ORD100707,Mar 07 2024,$658.71,Accessories,2
C0165,ORD100574,01/05/2024,$19.71,Accessories,3
C0077,ORD100324,Mar 19 2024,306.41,Beauty,3
C0049,ORD100503,06/18/2024,416.91,Sports,1
C0135,ORD100686,Jan 09 2024,$373.13,Home,6
C0142,ORD100475,2024-04-07,$419.84,Beauty,2
C0194,ORD100924,May 07 2024,471.73,Footwear,1
C0196,ORD100557,06/10/2024,530.62,Accessories,6
C0003,ORD100658,2024-01-07,600.29,,6
C0180,ORD100130,2024-04-20,534.53,Beauty,6
C0070,ORD100931,Apr 14 2024,564.01,,1
C0111,ORD100562,06/30/2024,745.74,Home,5
C0160,ORD100609,06/29/2024,706.69,Home,1
C0167,ORD100197,05/27/2024,$432.80,,4
C0020,ORD100215,2024-04-21,723.79,Footwear,6
C0192,ORD100750,09-01-2024,$544.02,Electronics,4
C0180,ORD100858,04/03/2024,444.78,Apparel,5
C0046,ORD100430,18-03-2024,301.42,,1
C0043,ORD100915,07-02-2024,143.11,Sports,3
C0120,ORD100481,12-03-2024,300.39,Home,6
C0143,ORD100575,2024-05-02,591.58,Sports,2
C0191,ORD100471,2024-01-19,$418.53,Apparel,3
C0103,ORD100440,Mar 11 2024,218.24,Sports,4
C0177,ORD100841,01/28/2024,462.71,Beauty,1
C0101,ORD100681,19-01-2024,$436.64,Accessories,6
C0194,ORD100759,May 23 2024,306.26,Footwear,5
C0158,ORD100257,02/10/2024,626.20,Apparel,5
C0017,ORD100763,06/27/2024,-$94.84,Beauty,1
C0136,ORD100428,2024-02-06,400.07,Electronics,6
C0067,ORD100781,Jun 06 2024,$43.81,Accessories,3
C0049,ORD100976,04/12/2024,563.71,Electronics,4
C0128,ORD100497,09-03-2024,,Accessories,1
C0026,ORD100635,Mar 28 2024,$17.15,Accessories,5
C0115,ORD100490,2024-04-24,241.34,Electronics,3
C0030,ORD100665,Mar 09 2024,199.15,Electronics,4
C0073,ORD100460,06/11/2024,286.21,Apparel,2
C0188,ORD100076,30-04-2024,260.31,Sports,4
C0139,ORD100552,03/24/2024,85.61,Electronics,1
C0134,ORD100897,21-03-2024,74.15,Electronics,3
C0050,ORD100904,2024-03-09,$749.28,Apparel,2
C0142,ORD100065,2024-01-31,$731.74,Home,4
C0180,ORD100939,04/28/2024,$163.28,Electronics,1
C0063,ORD100206,Jan 05 2024,$692.66,Footwear,3
C0169,ORD100008,Mar 08 2024,261.15,Apparel,6
C0169,ORD100077,2024-06-23,79.17,Accessories,6
C0196,ORD100884,02/12/2024,$18.22,Apparel,2
C0009,ORD100058,06/03/2024,272.14,Electronics,5
C0083,ORD100762,02/19/2024,,Apparel,4
C0079,ORD100472,03/25/2024,653.95,Accessories,3
C0159,ORD100424,2024-04-27,$89.18,Electronics,4
C0170,ORD100377,May 04 2024,675.58,Sports,3
C0065,ORD100480,Apr 20 2024,58.08,Home,4
C0079,ORD100496,2024-01-31,182.51,,2
C0013,ORD100631,2024-04-05,128.39,Accessories,6
C0015,ORD100984,2024-01-15,83.35,Sports,5
C0020,ORD100319,14-01-2024,475.24,Sports,2
C0049,ORD100364,04-03-2024,206.51,Beauty,4
C0091,ORD100412,2024-06-15,$231.33,Apparel,4
C0167,ORD100141,Feb 20 2024,622.51,Beauty,6
C0176,ORD100088,Apr 12 2024,581.97,Accessories,4
C0092,ORD100647,2024-06-01,472.65,,1
C0100,ORD100819,03-05-2024,$402.27,Sports,2
C0189,ORD100812,05/01/2024,37.13,Accessories,3
C0104,ORD100323,03/29/2024,559.55,Beauty,4
C0073,ORD100766,06-01-2024,$336.31,Accessories,6
C0008,ORD100321,01/20/2024,741.09,Accessories,6
C0027,ORD100060,Jun 01 2024,308.32,Beauty,6
C0046,ORD100486,2024-05-14,$326.74,Home,2
C0164,ORD100861,Jan 02 2024,$25.45,Accessories,1
C0003,ORD100836,Mar 24 2024,424.66,Accessories,2
C0160,ORD100385,Jun 15 2024,315.30,Sports,2
C0164,ORD100419,05/23/2024,$555.87,Apparel,5
C0063,ORD100768,2024-03-13,62.26,,3
C0123,ORD100433,24-04-2024,314.69,Apparel,1
C0175,ORD100301,Apr 09 2024,$84.81,Accessories,5
C0067,ORD100996,2024-03-01,$63.95,Footwear,5
C0042,ORD100296,04/12/2024,463.33,Electronics,6
C0102,ORD100315,2024-05-03,712.28,Beauty,1
C0045,ORD100949,23-04-2024,,Electronics,6
C0058,ORD100046,Apr 16 2024,$390.26,Beauty,4
C0069,ORD100086,27-03-2024,144.69,Footwear,6
C0107,ORD100109,22-01-2024,$417.57,Accessories,2
C0140,ORD100360,Jun 28 2024,402.95,Sports,4
C0036,ORD100645,05/23/2024,162.22,Electronics,1
C0193,ORD100016,05/23/2024,319.34,Accessories,4
C0070,ORD100493,05/15/2024,$596.32,Accessories,4
C0026,ORD100815,02-04-2024,700.56,Home,3
C0057,ORD100193,22-02-2024,103.51,Electronics,1
C0078,ORD100974,03/30/2024,$206.28,Apparel,2
C0118,ORD100628,06/08/2024,30.21,Electronics,6
C0085,ORD100867,2024-03-07,588.01,Home,6
C0027,ORD100842,04-01-2024,$25.28,Beauty,4
C0091,ORD100878,03/02/2024,$89.15,,4
C0014,ORD100401,05/02/2024,$165.74,Sports,1
C0064,ORD100806,May 10 2024,58.39,Apparel,1
C0078,ORD100539,2024-04-07,$298.98,Apparel,6
C0107,ORD100438,06/08/2024,176.33,Accessories,2
C0161,ORD100140,05/07/2024,484.02,Sports,6
C0040,ORD100198,2024-02-16,689.10,Beauty,6
C0165,ORD100889,05/14/2024,599.15,,6
C0197,ORD100467,Jun 26 2024,$503.33,Electronics,3
C0091,ORD100014,2024-06-30,75.94,Sports,1
C0133,ORD100087,02/06/2024,700.97,Accessories,6
C0037,ORD100265,15-01-2024,73.02,Beauty,4
C0084,ORD100262,03/02/2024,$66.55,Sports,4
C0017,ORD100222,Jun 10 2024,$28.16,Beauty,2
C0122,ORD100755,03/22/2024,148.84,Home,5
C0157,ORD100259,2024-04-16,$403.03,Accessories,5
C0002,ORD100003,21-03-2024,90.00,Accessories,2
C0110,ORD100354,Jun 17 2024,$535.37,Accessories,5
C0042,ORD100489,09-01-2024,$387.02,Apparel,2
C0134,ORD100615,2024-01-11,$512.98,Electronics,1
C0173,ORD100473,2024-05-02,617.40,Home,5
C0180,ORD100661,2024-03-27,$386.30,Footwear,5
C0050,ORD100139,2024-02-26,521.13,,5
C0092,ORD100067,Jun 21 2024,617.91,Sports,2
C0158,ORD100515,17-01-2024,226.80,,5
C0118,ORD100342,20-03-2024,447.09,Accessories,6
C0015,ORD100056,2024-05-20,96.09,Accessories,5
C0086,ORD100304,Apr 20 2024,151.85,Beauty,4
C0001,ORD100745,05/09/2024,417.31,Electronics,1
C0106,ORD100885,Apr 27 2024,$351.66,Accessories,1
C0033,ORD100051,May 01 2024,640.75,Apparel,3
C0059,ORD100513,2024-02-15,604.48,Accessories,3
C0110,ORD100465,2024-06-19,710.37,Home,4
C0012,ORD100530,2024-01-10,$309.84,,2
C0100,ORD100780,02/06/2024,563.26,Apparel,3
C0185,ORD100305,2024-02-10,393.14,Beauty,2
C0051,ORD100824,Apr 26 2024,,Footwear,2
C0076,ORD100434,May 23 2024,189.47,Sports,3
C0079,ORD100537,2024-06-15,231.89,Footwear,2
C0041,ORD100695,11-01-2024,102.90,Footwear,2
C0178,ORD100357,26-01-2024,32.82,Sports,1
C0024,ORD100186,03-03-2024,710.53,Electronics,2
C0150,ORD100555,30-06-2024,-$240.65,,6
C0097,ORD100129,02/11/2024,$745.11,Sports,5
C0060,ORD100359,03/02/2024,$310.10,,6
C0033,ORD100244,Feb 22 2024,541.05,Beauty,5
C0041,ORD100255,2024-06-01,555.77,Electronics,1
C0085,ORD100782,Jan 28 2024,84.74,Sports,5
C0075,ORD100390,05/26/2024,-$468.57,Home,6
C0152,ORD100720,10-05-2024,259.24,Beauty,3
C0109,ORD100154,02/14/2024,180.71,Footwear,2
C0172,ORD100371,Mar 16 2024,$414.95,Home,5
C0180,ORD100858,04/03/2024,444.78,Apparel,5
C0172,ORD100582,23-05-2024,446.23,Beauty,2
C0010,ORD100971,03-02-2024,$454.32,Home,3
C0006,ORD100158,2024-01-10,$387.55,Accessories,6
C0144,ORD100765,2024-01-29,543.12,Apparel,4
C0187,ORD100965,10-05-2024,399.28,Accessories,4
C0152,ORD100271,2024-03-07,52.43,Home,2
C0192,ORD100484,Feb 02 2024,$405.70,Home,4
C0106,ORD100146,03-03-2024,$447.40,Electronics,3
C0026,ORD100717,May 12 2024,,Apparel,3
C0091,ORD100790,Apr 13 2024,355.58,Sports,3
C0179,ORD100394,Mar 12 2024,545.60,Beauty,4
C0004,ORD100826,2024-04-03,$366.21,Beauty,6
C0170,ORD100418,28-06-2024,$122.07,Accessories,3
C0189,ORD100843,2024-06-11,$734.27,,4
C0042,ORD100576,04-06-2024,$582.08,Accessories,1
C0059,ORD100837,11-06-2024,730.19,Footwear,3
C0133,ORD100087,02/06/2024,700.97,Accessories,6
C0161,ORD100899,05/20/2024,383.00,Footwear,2
C0179,ORD100680,2024-01-23,$379.71,Sports,6
C0199,ORD100588,2024-04-13,162.49,Accessories,6
C0166,ORD100290,Mar 03 2024,485.54,Footwear,5
C0017,ORD100411,27-01-2024,337.80,Sports,3
C0058,ORD100862,Mar 11 2024,125.28,Electronics,2
C0003,ORD100630,2024-01-30,456.26,Home,1
C0018,ORD100213,03/11/2024,101.59,Electronics,2
C0052,ORD100865,2024-03-08,639.81,Sports,1
C0121,ORD100358,Jan 30 2024,562.33,Sports,1
C0176,ORD100180,Mar 17 2024,$245.47,Electronics,2
C0169,ORD100860,03/06/2024,-$705.33,Footwear,5
C0154,ORD100380,17-06-2024,$275.01,Electronics,2
C0109,ORD100099,14-06-2024,$697.88,Footwear,4
C0050,ORD100873,02/28/2024,$296.86,,6
C0145,ORD100135,04/17/2024,730.65,Accessories,1
C0036,ORD100176,2024-03-04,87.87,Electronics,2
C0047,ORD100957,21-04-2024,485.30,Home,2
C0123,ORD100504,06/21/2024,$423.36,Sports,5
C0044,ORD100559,2024-04-12,589.75,Home,4
C0048,ORD100596,01/07/2024,$351.92,Beauty,6
C0195,ORD100059,01/01/2024,73.72,Electronics,4
C0043,ORD100039,2024-02-20,213.05,Beauty,3
C0013,ORD100340,05/10/2024,37.80,Apparel,4
C0086,ORD100002,Jun 28 2024,$135.38,Sports,1
C0063,ORD100451,08-04-2024,$309.46,Accessories,2
C0164,ORD100823,2024-06-24,17.97,,2
C0165,ORD100817,04/25/2024,525.55,Footwear,1
C0062,ORD100068,02-01-2024,110.29,Home,4
C0092,ORD100208,04/04/2024,$650.73,Footwear,1
C0198,ORD100608,2024-06-06,$577.83,Sports,6
C0068,ORD100420,01/10/2024,$551.81,Footwear,2
C0158,ORD100253,05/01/2024,$593.30,Home,5
C0026,ORD100846,03/29/2024,89.26,Beauty,6
C0070,ORD100339,2024-05-11,48.88,Beauty,4
C0196,ORD100409,2024-01-27,455.24,Footwear,2
C0069,ORD100111,Jun 06 2024,465.74,Footwear,3
C0080,ORD100224,Jan 24 2024,324.30,Apparel,5
C0053,ORD100942,02/16/2024,$345.69,,2
C0113,ORD100544,09-03-2024,623.35,Apparel,6
C0149,ORD100073,18-02-2024,$433.47,Electronics,1
C0020,ORD100047,2024-05-07,$225.79,Apparel,2
C0145,ORD100638,2024-03-14,$537.41,,3
C0011,ORD100113,Jan 26 2024,45.35,,4
C0108,ORD100096,12-04-2024,62.12,Beauty,3
C0054,ORD100737,Apr 16 2024,463.79,Electronics,2
C0173,ORD100214,06/09/2024,532.77,Beauty,3
C0131,ORD100569,04/20/2024,220.28,Electronics,5
C0130,ORD100123,19-01-2024,415.24,Footwear,2
C0185,ORD100106,2024-03-16,$493.71,Electronics,4
C0083,ORD100595,26-04-2024,556.21,Apparel,2
C0017,ORD100017,Jun 22 2024,288.50,Footwear,5
C0119,ORD100742,2024-04-29,$680.49,Beauty,4
C0051,ORD100098,2024-03-06,$523.93,Apparel,1
C0115,ORD100988,08-01-2024,654.84,Electronics,1
C0189,ORD100322,16-02-2024,$54.28,Accessories,4
C0019,ORD100382,02/16/2024,$47.10,Beauty,6
C0198,ORD100365,2024-05-24,$600.38,Accessories,1
C0020,ORD100510,01/12/2024,,Home,4
